,Country,Location,Title,Company,Url,Postulaciones,Jornada,Antiguedad
1031,Paraguay,Paraguay,Data Scientist,United Latino Students Association,https://py.linkedin.com/jobs/view/data-scientist-at-united-latino-students-association-3323308216?refId=OEhNyv9uAT9o68TF6vjv%2Fg%3D%3D&trackingId=Z9kWYDgcH61cL4hlyVkClg%3D%3D&position=1&pageNum=0&trk=public_jobs_jserp-result_search-card,,"
          Jornada completa
        ","
            Sin experiencia
          "
1032,Paraguay,"Asunci贸n, Paraguay",Developer,EXCELSIS,https://py.linkedin.com/jobs/view/developer-at-excelsis-3307048431?refId=OEhNyv9uAT9o68TF6vjv%2Fg%3D%3D&trackingId=5AY4TbL%2BVtAMl%2FyiXsBLnA%3D%3D&position=2&pageNum=0&trk=public_jobs_jserp-result_search-card,,,"
          Jornada completa
        "
1033,Paraguay,"Asunci贸n, Paraguay",Software Engineer,WillDom,https://py.linkedin.com/jobs/view/software-engineer-at-willdom-3308425505?refId=OEhNyv9uAT9o68TF6vjv%2Fg%3D%3D&trackingId=wa8Tx%2BCA5j63CV%2BuamNJeg%3D%3D&position=3&pageNum=0&trk=public_jobs_jserp-result_search-card,,,"
          Jornada completa
        "
1034,Paraguay,"Asuncion, Asunci贸n, Paraguay",Software Engineer,Equifax,https://py.linkedin.com/jobs/view/software-engineer-at-equifax-3300562759?refId=OEhNyv9uAT9o68TF6vjv%2Fg%3D%3D&trackingId=sbgiYoPey%2Ftm%2FWASNDAdVQ%3D%3D&position=5&pageNum=0&trk=public_jobs_jserp-result_search-card,,,
1035,Paraguay,"Asunci贸n, Paraguay",Software Engineer,EBSA Group,https://py.linkedin.com/jobs/view/software-engineer-at-ebsa-group-3315387992?refId=OEhNyv9uAT9o68TF6vjv%2Fg%3D%3D&trackingId=sWzFtFco2rjMPLwzfp0lFw%3D%3D&position=6&pageNum=0&trk=public_jobs_jserp-result_search-card,,,
1036,Paraguay,Paraguay,Full Stack Engineer,TrueNorth,https://py.linkedin.com/jobs/view/full-stack-engineer-at-truenorth-3287283930?refId=OEhNyv9uAT9o68TF6vjv%2Fg%3D%3D&trackingId=x%2FUxx8bMTuV7nUBqAG%2FAoA%3D%3D&position=7&pageNum=0&trk=public_jobs_jserp-result_search-card,,,
1037,Paraguay,"Asuncion, Asunci贸n, Paraguay",Senior Python Developer,Virtualmind,https://py.linkedin.com/jobs/view/senior-python-developer-at-virtualmind-3321018765?refId=OEhNyv9uAT9o68TF6vjv%2Fg%3D%3D&trackingId=Ns%2BTV0YbkIH4uz95KZfbYQ%3D%3D&position=8&pageNum=0&trk=public_jobs_jserp-result_search-card,,,
1038,Paraguay,Paraguay,Big Data Engineer (Scala-Spark),Applaudo,https://py.linkedin.com/jobs/view/big-data-engineer-scala-spark-at-applaudo-3241956394?refId=OEhNyv9uAT9o68TF6vjv%2Fg%3D%3D&trackingId=J%2FV6lrrq%2FRtl6K2ulSO0FA%3D%3D&position=9&pageNum=0&trk=public_jobs_jserp-result_search-card,,,
1039,Paraguay,"Asunci贸n, Paraguay",Work From Home Java Developer,Workling,https://py.linkedin.com/jobs/view/work-from-home-java-developer-at-workling-3320781886?refId=OEhNyv9uAT9o68TF6vjv%2Fg%3D%3D&trackingId=KKS%2B3l9haSPehV5x9lZ%2B%2Fw%3D%3D&position=10&pageNum=0&trk=public_jobs_jserp-result_search-card,,,
1040,Paraguay,Paraguay,Sr. Node.js Engineer,TrueNorth,https://py.linkedin.com/jobs/view/sr-node-js-engineer-at-truenorth-3287268980?refId=OEhNyv9uAT9o68TF6vjv%2Fg%3D%3D&trackingId=a6tAqbw%2BwMtq0yMc4VE%2BkQ%3D%3D&position=11&pageNum=0&trk=public_jobs_jserp-result_search-card,,"
          Jornada completa
        ","
            Intermedio
          "
1041,Paraguay,"Asunci贸n, Paraguay",Work From Home .NET Developer,L.A. Head Hunter,https://py.linkedin.com/jobs/view/work-from-home-net-developer-at-l-a-head-hunter-3316233102?refId=OEhNyv9uAT9o68TF6vjv%2Fg%3D%3D&trackingId=LBHEdYcmczlyDb%2BQgzOBoQ%3D%3D&position=12&pageNum=0&trk=public_jobs_jserp-result_search-card,,,
1042,Paraguay,Paraguay,Join Our Tech Talent Pool (LATAM Remote),Qeystroke,https://py.linkedin.com/jobs/view/join-our-tech-talent-pool-latam-remote-at-qeystroke-3302215805?refId=OEhNyv9uAT9o68TF6vjv%2Fg%3D%3D&trackingId=KbhYepORcIilJiLuExw9dw%3D%3D&position=13&pageNum=0&trk=public_jobs_jserp-result_search-card,,,
1043,Paraguay,"Asunci贸n, Paraguay",Desarrollador Java,Experis Paraguay,https://py.linkedin.com/jobs/view/desarrollador-java-at-experis-paraguay-3308887477?refId=OEhNyv9uAT9o68TF6vjv%2Fg%3D%3D&trackingId=Ybt9Dg8DG5NbHG5dobUmUw%3D%3D&position=14&pageNum=0&trk=public_jobs_jserp-result_search-card,,,"
          Jornada completa
        "
1044,Paraguay,"Asunci贸n, Paraguay",Python Software Programmer - Work from Home,Oowlish,https://py.linkedin.com/jobs/view/python-software-programmer-work-from-home-at-oowlish-3277733806?refId=OEhNyv9uAT9o68TF6vjv%2Fg%3D%3D&trackingId=E%2BZCt9IS08ZizGcjgL1WVg%3D%3D&position=15&pageNum=0&trk=public_jobs_jserp-result_search-card,,,
1045,Paraguay,"Asuncion, Asunci贸n, Paraguay",Remote Automation QA Engineer,Scopic Software,https://py.linkedin.com/jobs/view/remote-automation-qa-engineer-at-scopic-software-3325695763?refId=OEhNyv9uAT9o68TF6vjv%2Fg%3D%3D&trackingId=047BL5yMBrvX%2FReTmRgYDw%3D%3D&position=16&pageNum=0&trk=public_jobs_jserp-result_search-card,,"
          Jornada completa
        ","
            Sin experiencia
          "
1046,Paraguay,"Asuncion, Asunci贸n, Paraguay",Remote Java Developer,Scopic Software,https://py.linkedin.com/jobs/view/remote-java-developer-at-scopic-software-3311131598?refId=OEhNyv9uAT9o68TF6vjv%2Fg%3D%3D&trackingId=6VF7pkl0L8WEL2SguCy7vQ%3D%3D&position=17&pageNum=0&trk=public_jobs_jserp-result_search-card,,,
1047,Paraguay,"Asuncion, Asunci贸n, Paraguay",Webflow Developer  | US Travel Tech Startup  | Remote,Prometeo Talent - Recruitment services for high-growth tech companies.,https://py.linkedin.com/jobs/view/webflow-developer-%F0%9F%9A%90-%E2%9B%BA-us-travel-tech-startup-%F0%9F%9A%80-remote%F0%9F%93%8D-at-prometeo-consultora-de-recursos-humanos-reclutamiento-y-selecci%C3%B3n-ti-atracci%C3%B3n-de-talento-3322841498?refId=OEhNyv9uAT9o68TF6vjv%2Fg%3D%3D&trackingId=ThWh0YvQ4rPu6zmwKb1Ogg%3D%3D&position=19&pageNum=0&trk=public_jobs_jserp-result_search-card,,"
          Jornada completa
        ","
            Sin experiencia
          "
1048,Paraguay,Paraguay,Sr. React Engineer,TrueNorth,https://py.linkedin.com/jobs/view/sr-react-engineer-at-truenorth-3287276428?refId=OEhNyv9uAT9o68TF6vjv%2Fg%3D%3D&trackingId=ZmNKvNEZJaL6SHIPibWaVw%3D%3D&position=20&pageNum=0&trk=public_jobs_jserp-result_search-card,,,
1049,Paraguay,"Asuncion, Asunci贸n, Paraguay","Staff Software Engineer (Backend, Python, RDBMS)",EQUALS TRUE,https://py.linkedin.com/jobs/view/staff-software-engineer-backend-python-rdbms-at-%23equalstrue-3313087563?refId=OEhNyv9uAT9o68TF6vjv%2Fg%3D%3D&trackingId=w1Sc8mztrbnc9SrCWeqfdw%3D%3D&position=21&pageNum=0&trk=public_jobs_jserp-result_search-card,,"
          Jornada completa
        ","
            Intermedio
          "
1050,Paraguay,Paraguay,Scala Developer,Applaudo,https://py.linkedin.com/jobs/view/scala-developer-at-applaudo-3295368862?refId=OEhNyv9uAT9o68TF6vjv%2Fg%3D%3D&trackingId=rGf1T8Za%2FctNO8uZk%2FPcKA%3D%3D&position=22&pageNum=0&trk=public_jobs_jserp-result_search-card,,,
1051,Paraguay,Paraguay,Senior Blockchain Engineer,X9 Studios,https://py.linkedin.com/jobs/view/senior-blockchain-engineer-at-x9-studios-3323292858?refId=OEhNyv9uAT9o68TF6vjv%2Fg%3D%3D&trackingId=9uDmrzGIHWbSOV9UxI5NSQ%3D%3D&position=23&pageNum=0&trk=public_jobs_jserp-result_search-card,,"
          Jornada completa
        ","
            Intermedio
          "
1052,Paraguay,"Asuncion, Asunci贸n, Paraguay",Remote DevOps Engineer,Scopic Software,https://py.linkedin.com/jobs/view/remote-devops-engineer-at-scopic-software-3325697678?refId=OEhNyv9uAT9o68TF6vjv%2Fg%3D%3D&trackingId=AmbPnEEwLtdMfCufFGNDRw%3D%3D&position=24&pageNum=0&trk=public_jobs_jserp-result_search-card,,"
          Jornada completa
        ","
            Sin experiencia
          "
1053,Paraguay,"Nueva Italia, Central, Paraguay",Junior Data Engineer,Assist Digital,https://py.linkedin.com/jobs/view/junior-data-engineer-at-assist-digital-3300277922?refId=OEhNyv9uAT9o68TF6vjv%2Fg%3D%3D&trackingId=B72VyqyVU05ta%2FYRfebHvA%3D%3D&position=25&pageNum=0&trk=public_jobs_jserp-result_search-card,,"
          Jornada completa
        ","
            Intermedio
          "
1054,Paraguay,Paraguay,Data Scientist,United Latino Students Association,https://py.linkedin.com/jobs/view/data-scientist-at-united-latino-students-association-3323308216?refId=2XS%2Fxei8LCsuk1VVTQ7YqA%3D%3D&trackingId=GR5fwir6qYddHnNBVZ0Bng%3D%3D&position=1&pageNum=0&trk=public_jobs_jserp-result_search-card,,,
1055,Paraguay,"Asunci贸n, Paraguay",Ingeniero de Datos,Ita煤 Paraguay,https://py.linkedin.com/jobs/view/ingeniero-de-datos-at-ita%C3%BA-paraguay-3311044771?refId=2XS%2Fxei8LCsuk1VVTQ7YqA%3D%3D&trackingId=LjHBFo1ViJ%2Fk8NUkagBszA%3D%3D&position=2&pageNum=0&trk=public_jobs_jserp-result_search-card,"
          112 solicitudes
        ","
          Jornada completa
        ","
            Intermedio
          "
1056,Paraguay,"Asuncion, Asunci贸n, Paraguay",Remote Automation QA Engineer,Scopic Software,https://py.linkedin.com/jobs/view/remote-automation-qa-engineer-at-scopic-software-3325695763?refId=2XS%2Fxei8LCsuk1VVTQ7YqA%3D%3D&trackingId=smW6HFQE%2FEpmApED9hbfuw%3D%3D&position=3&pageNum=0&trk=public_jobs_jserp-result_search-card,,,
1057,Paraguay,"Nueva Italia, Central, Paraguay",Junior Data Engineer,Assist Digital,https://py.linkedin.com/jobs/view/junior-data-engineer-at-assist-digital-3300277922?refId=2XS%2Fxei8LCsuk1VVTQ7YqA%3D%3D&trackingId=c6UCEyB3Wt19GonAiCzXNQ%3D%3D&position=4&pageNum=0&trk=public_jobs_jserp-result_search-card,,,
1058,Paraguay,"Asuncion, Asunci贸n, Paraguay",Senior Python Developer,Virtualmind,https://py.linkedin.com/jobs/view/senior-python-developer-at-virtualmind-3321018765?refId=2XS%2Fxei8LCsuk1VVTQ7YqA%3D%3D&trackingId=AD44uDAW5AY1glX%2Fo%2B6kFg%3D%3D&position=5&pageNum=0&trk=public_jobs_jserp-result_search-card,,"
          Jornada completa
        ","
            Intermedio
          "
1059,Paraguay,Paraguay,Join Our Tech Talent Pool (LATAM Remote),Qeystroke,https://py.linkedin.com/jobs/view/join-our-tech-talent-pool-latam-remote-at-qeystroke-3302215805?refId=2XS%2Fxei8LCsuk1VVTQ7YqA%3D%3D&trackingId=80ee943RDbiX2KZTUFYqQw%3D%3D&position=6&pageNum=0&trk=public_jobs_jserp-result_search-card,"
          60 solicitudes
        ","
          Jornada completa
        ","
            Sin experiencia
          "
1060,Paraguay,"Asunci贸n, Paraguay",Python Software Programmer - Work from Home,Oowlish,https://py.linkedin.com/jobs/view/python-software-programmer-work-from-home-at-oowlish-3277733806?refId=2XS%2Fxei8LCsuk1VVTQ7YqA%3D%3D&trackingId=CmoqQPIOe%2BTgSqzgZVyQjQ%3D%3D&position=7&pageNum=0&trk=public_jobs_jserp-result_search-card,"
          26 solicitudes
        ","
          Jornada completa
        ","
            Intermedio
          "
1061,Paraguay,"Asunci贸n, Paraguay",Software Engineer,EBSA Group,https://py.linkedin.com/jobs/view/software-engineer-at-ebsa-group-3315387992?refId=2XS%2Fxei8LCsuk1VVTQ7YqA%3D%3D&trackingId=dFrVYWt43mSNEvWyTOc3gQ%3D%3D&position=9&pageNum=0&trk=public_jobs_jserp-result_search-card,,,"
          Jornada completa
        "
1062,Paraguay,"Asuncion, Asunci贸n, Paraguay",Remote Automation QA Engineer,Scopic Software,https://py.linkedin.com/jobs/view/remote-automation-qa-engineer-at-scopic-software-3325699274?refId=2XS%2Fxei8LCsuk1VVTQ7YqA%3D%3D&trackingId=4qg7cJvHlD9DS0tOwCXVzA%3D%3D&position=10&pageNum=0&trk=public_jobs_jserp-result_search-card,,"
          Jornada completa
        ","
            Sin experiencia
          "
1063,Paraguay,"Asuncion, Asunci贸n, Paraguay",Remote Automation QA Engineer,Scopic Software,https://py.linkedin.com/jobs/view/remote-automation-qa-engineer-at-scopic-software-3312766291?refId=2XS%2Fxei8LCsuk1VVTQ7YqA%3D%3D&trackingId=LfVlxPOuwLanFwJsYddWcQ%3D%3D&position=11&pageNum=0&trk=public_jobs_jserp-result_search-card,,,
1064,Paraguay,"Asuncion, Asunci贸n, Paraguay",Remote Automation QA Engineer,Scopic Software,https://py.linkedin.com/jobs/view/remote-automation-qa-engineer-at-scopic-software-3325700109?refId=2XS%2Fxei8LCsuk1VVTQ7YqA%3D%3D&trackingId=d7ZhQYDEM2TJVm9H5E3bPg%3D%3D&position=12&pageNum=0&trk=public_jobs_jserp-result_search-card,,,
1065,Paraguay,"Asuncion, Asunci贸n, Paraguay",Remote Automation QA Engineer,Scopic Software,https://py.linkedin.com/jobs/view/remote-automation-qa-engineer-at-scopic-software-3306965225?refId=2XS%2Fxei8LCsuk1VVTQ7YqA%3D%3D&trackingId=NWxrOetNj3zbg%2Bw58SN7DA%3D%3D&position=13&pageNum=0&trk=public_jobs_jserp-result_search-card,,"
          Jornada completa
        ","
            Sin experiencia
          "
1066,Paraguay,"Asuncion, Asunci贸n, Paraguay",Remote Automation QA Engineer,Scopic Software,https://py.linkedin.com/jobs/view/remote-automation-qa-engineer-at-scopic-software-3325702014?refId=2XS%2Fxei8LCsuk1VVTQ7YqA%3D%3D&trackingId=vAOhm%2FE%2B5pu3RpENNJI5gA%3D%3D&position=14&pageNum=0&trk=public_jobs_jserp-result_search-card,,"
          Jornada completa
        ","
            Sin experiencia
          "
1067,Paraguay,"Asunci贸n, Paraguay",Work From Home .NET Developer,L.A. Head Hunter,https://py.linkedin.com/jobs/view/work-from-home-net-developer-at-l-a-head-hunter-3316233102?refId=2XS%2Fxei8LCsuk1VVTQ7YqA%3D%3D&trackingId=Uk%2F08MuxniXpkv41J9eoEA%3D%3D&position=16&pageNum=0&trk=public_jobs_jserp-result_search-card,,"
          Jornada completa
        ","
            Intermedio
          "
1068,Paraguay,Paraguay,Big Data Engineer (Scala-Spark),Applaudo,https://py.linkedin.com/jobs/view/big-data-engineer-scala-spark-at-applaudo-3241956394?refId=2XS%2Fxei8LCsuk1VVTQ7YqA%3D%3D&trackingId=ZUX4txqvyHzISuvrxNCGhw%3D%3D&position=17&pageNum=0&trk=public_jobs_jserp-result_search-card,,"
          Jornada completa
        ","
            Intermedio
          "
1069,Paraguay,"Asuncion, Asunci贸n, Paraguay",Software Engineer,Equifax,https://py.linkedin.com/jobs/view/software-engineer-at-equifax-3300562759?refId=2XS%2Fxei8LCsuk1VVTQ7YqA%3D%3D&trackingId=O2O0Z6RTCCsh1otNXfYRuA%3D%3D&position=18&pageNum=0&trk=public_jobs_jserp-result_search-card,,,
1070,Paraguay,"Asunci贸n, Paraguay",Work From Home Java Developer,Workling,https://py.linkedin.com/jobs/view/work-from-home-java-developer-at-workling-3320781886?refId=2XS%2Fxei8LCsuk1VVTQ7YqA%3D%3D&trackingId=GLFTmVNjxGQ9sHx6B03%2Frg%3D%3D&position=19&pageNum=0&trk=public_jobs_jserp-result_search-card,,"
          Jornada completa
        ","
            Sin experiencia
          "
1071,Paraguay,"Asuncion, Asunci贸n, Paraguay",Webflow Developer  | US Travel Tech Startup  | Remote,Prometeo Talent - Recruitment services for high-growth tech companies.,https://py.linkedin.com/jobs/view/webflow-developer-%F0%9F%9A%90-%E2%9B%BA-us-travel-tech-startup-%F0%9F%9A%80-remote%F0%9F%93%8D-at-prometeo-consultora-de-recursos-humanos-reclutamiento-y-selecci%C3%B3n-ti-atracci%C3%B3n-de-talento-3322841498?refId=2XS%2Fxei8LCsuk1VVTQ7YqA%3D%3D&trackingId=tOS2SCxh4d%2Bk4WAy1CWyAA%3D%3D&position=20&pageNum=0&trk=public_jobs_jserp-result_search-card,,,
1072,Paraguay,Paraguay,Scala Developer,Applaudo,https://py.linkedin.com/jobs/view/scala-developer-at-applaudo-3295368862?refId=2XS%2Fxei8LCsuk1VVTQ7YqA%3D%3D&trackingId=Ram8rianbp4mjaNL8Q4p4w%3D%3D&position=21&pageNum=0&trk=public_jobs_jserp-result_search-card,,,
1073,Paraguay,Paraguay,React/C# Fullstack Developer (LATAM Remote),Qeystroke,https://py.linkedin.com/jobs/view/react-c%23-fullstack-developer-latam-remote-at-qeystroke-3326924611?refId=2XS%2Fxei8LCsuk1VVTQ7YqA%3D%3D&trackingId=e9nWzgTQTFhQm1tTsGGSDQ%3D%3D&position=22&pageNum=0&trk=public_jobs_jserp-result_search-card,,,
1074,Paraguay,Paraguay,Senior Blockchain Engineer,X9 Studios,https://py.linkedin.com/jobs/view/senior-blockchain-engineer-at-x9-studios-3323292858?refId=2XS%2Fxei8LCsuk1VVTQ7YqA%3D%3D&trackingId=tPia4uIJy1mBZDx5gjIlpg%3D%3D&position=23&pageNum=0&trk=public_jobs_jserp-result_search-card,,,
1075,Paraguay,"Asuncion, Asunci贸n, Paraguay",Remote DevOps Engineer,Scopic Software,https://py.linkedin.com/jobs/view/remote-devops-engineer-at-scopic-software-3325698464?refId=2XS%2Fxei8LCsuk1VVTQ7YqA%3D%3D&trackingId=Ci7XG1zKCJUMq2p4YcCBKA%3D%3D&position=24&pageNum=0&trk=public_jobs_jserp-result_search-card,,"
          Jornada completa
        ","
            Sin experiencia
          "
1076,Paraguay,"Asuncion, Asunci贸n, Paraguay",Remote DevOps Engineer,Scopic Software,https://py.linkedin.com/jobs/view/remote-devops-engineer-at-scopic-software-3322745597?refId=2XS%2Fxei8LCsuk1VVTQ7YqA%3D%3D&trackingId=vXP0Nun%2Fmfe49Bg3VTQHRw%3D%3D&position=25&pageNum=0&trk=public_jobs_jserp-result_search-card,,,
1077,Paraguay,Paraguay,Data Scientist,United Latino Students Association,https://py.linkedin.com/jobs/view/data-scientist-at-united-latino-students-association-3323308216?refId=8B4QU0ShMLgtTQZkRFuCrw%3D%3D&trackingId=KcMB0aGLlx5RAme08sZabQ%3D%3D&position=1&pageNum=0&trk=public_jobs_jserp-result_search-card,,"
          Jornada completa
        ","
            Sin experiencia
          "
1078,Paraguay,"Asunci贸n, Paraguay",Developer,EXCELSIS,https://py.linkedin.com/jobs/view/developer-at-excelsis-3307048431?refId=8B4QU0ShMLgtTQZkRFuCrw%3D%3D&trackingId=z6f7CUZOmSwarTgn4JrvfQ%3D%3D&position=2&pageNum=0&trk=public_jobs_jserp-result_search-card,,,
1079,Paraguay,"Asunci贸n, Paraguay",Software Engineer,WillDom,https://py.linkedin.com/jobs/view/software-engineer-at-willdom-3308425505?refId=8B4QU0ShMLgtTQZkRFuCrw%3D%3D&trackingId=uVo3EmKKwfk6R9hdAH3hzg%3D%3D&position=3&pageNum=0&trk=public_jobs_jserp-result_search-card,,,
1080,Paraguay,"Asuncion, Asunci贸n, Paraguay",Software Engineer,Equifax,https://py.linkedin.com/jobs/view/software-engineer-at-equifax-3300562759?refId=8B4QU0ShMLgtTQZkRFuCrw%3D%3D&trackingId=LK9OC4a1E2IMVMa2z9c0Ww%3D%3D&position=5&pageNum=0&trk=public_jobs_jserp-result_search-card,"
          30 solicitudes
        ","
          Jornada completa
        ","
            Intermedio
          "
1081,Paraguay,"Asunci贸n, Paraguay",Software Engineer,EBSA Group,https://py.linkedin.com/jobs/view/software-engineer-at-ebsa-group-3315387992?refId=8B4QU0ShMLgtTQZkRFuCrw%3D%3D&trackingId=mrVTm2iHhsMU2KsbXDhQgQ%3D%3D&position=6&pageNum=0&trk=public_jobs_jserp-result_search-card,,,
1082,Paraguay,Paraguay,Full Stack Engineer,TrueNorth,https://py.linkedin.com/jobs/view/full-stack-engineer-at-truenorth-3287283930?refId=8B4QU0ShMLgtTQZkRFuCrw%3D%3D&trackingId=lT6FExRkq32AbDBuNT1y%2Fw%3D%3D&position=7&pageNum=0&trk=public_jobs_jserp-result_search-card,,,
1083,Paraguay,"Asuncion, Asunci贸n, Paraguay",Senior Python Developer,Virtualmind,https://py.linkedin.com/jobs/view/senior-python-developer-at-virtualmind-3321018765?refId=8B4QU0ShMLgtTQZkRFuCrw%3D%3D&trackingId=dVlD0sGExZUFzMiqiQ%2FRdA%3D%3D&position=8&pageNum=0&trk=public_jobs_jserp-result_search-card,,,
1084,Paraguay,Paraguay,Big Data Engineer (Scala-Spark),Applaudo,https://py.linkedin.com/jobs/view/big-data-engineer-scala-spark-at-applaudo-3241956394?refId=8B4QU0ShMLgtTQZkRFuCrw%3D%3D&trackingId=pgX4l0B%2F%2Fq2QJMjX7IWYWg%3D%3D&position=9&pageNum=0&trk=public_jobs_jserp-result_search-card,,"
          Jornada completa
        ","
            Intermedio
          "
1085,Paraguay,"Asunci贸n, Paraguay",Work From Home Java Developer,Workling,https://py.linkedin.com/jobs/view/work-from-home-java-developer-at-workling-3320781886?refId=8B4QU0ShMLgtTQZkRFuCrw%3D%3D&trackingId=CBAczjWrD2QYR7PGIz6gkA%3D%3D&position=10&pageNum=0&trk=public_jobs_jserp-result_search-card,,"
          Jornada completa
        ","
            Sin experiencia
          "
1086,Paraguay,Paraguay,Sr. Node.js Engineer,TrueNorth,https://py.linkedin.com/jobs/view/sr-node-js-engineer-at-truenorth-3287268980?refId=8B4QU0ShMLgtTQZkRFuCrw%3D%3D&trackingId=t4pDsVpBHLCdrf%2BiwhsgGw%3D%3D&position=11&pageNum=0&trk=public_jobs_jserp-result_search-card,,"
          Jornada completa
        ","
            Intermedio
          "
1087,Paraguay,"Asunci贸n, Paraguay",Work From Home .NET Developer,L.A. Head Hunter,https://py.linkedin.com/jobs/view/work-from-home-net-developer-at-l-a-head-hunter-3316233102?refId=8B4QU0ShMLgtTQZkRFuCrw%3D%3D&trackingId=FUXJkdIrY6I2vqiVswzYLA%3D%3D&position=12&pageNum=0&trk=public_jobs_jserp-result_search-card,,,
1088,Paraguay,Paraguay,Join Our Tech Talent Pool (LATAM Remote),Qeystroke,https://py.linkedin.com/jobs/view/join-our-tech-talent-pool-latam-remote-at-qeystroke-3302215805?refId=8B4QU0ShMLgtTQZkRFuCrw%3D%3D&trackingId=sSy3G85vBociOVliV98tNA%3D%3D&position=13&pageNum=0&trk=public_jobs_jserp-result_search-card,"
          60 solicitudes
        ","
          Jornada completa
        ","
            Sin experiencia
          "
1089,Paraguay,"Asunci贸n, Paraguay",Desarrollador Java,Experis Paraguay,https://py.linkedin.com/jobs/view/desarrollador-java-at-experis-paraguay-3308887477?refId=8B4QU0ShMLgtTQZkRFuCrw%3D%3D&trackingId=UgYCQec%2F7JfZwj9gFhIebA%3D%3D&position=14&pageNum=0&trk=public_jobs_jserp-result_search-card,,,
1090,Paraguay,"Asunci贸n, Paraguay",Python Software Programmer - Work from Home,Oowlish,https://py.linkedin.com/jobs/view/python-software-programmer-work-from-home-at-oowlish-3277733806?refId=8B4QU0ShMLgtTQZkRFuCrw%3D%3D&trackingId=YS6DQ7Nq5P%2B28qN5YcAOiw%3D%3D&position=15&pageNum=0&trk=public_jobs_jserp-result_search-card,"
          26 solicitudes
        ","
          Jornada completa
        ","
            Intermedio
          "
1091,Paraguay,"Asuncion, Asunci贸n, Paraguay",Remote Automation QA Engineer,Scopic Software,https://py.linkedin.com/jobs/view/remote-automation-qa-engineer-at-scopic-software-3325695763?refId=8B4QU0ShMLgtTQZkRFuCrw%3D%3D&trackingId=rIYmUvrwmZe%2BXH1T6tWCog%3D%3D&position=16&pageNum=0&trk=public_jobs_jserp-result_search-card,,,
1092,Paraguay,"Asuncion, Asunci贸n, Paraguay",Remote Java Developer,Scopic Software,https://py.linkedin.com/jobs/view/remote-java-developer-at-scopic-software-3311131598?refId=8B4QU0ShMLgtTQZkRFuCrw%3D%3D&trackingId=6er3ezWYNatFOhrZq0yQVQ%3D%3D&position=17&pageNum=0&trk=public_jobs_jserp-result_search-card,,,
1093,Paraguay,"Asuncion, Asunci贸n, Paraguay",Webflow Developer  | US Travel Tech Startup  | Remote,Prometeo Talent - Recruitment services for high-growth tech companies.,https://py.linkedin.com/jobs/view/webflow-developer-%F0%9F%9A%90-%E2%9B%BA-us-travel-tech-startup-%F0%9F%9A%80-remote%F0%9F%93%8D-at-prometeo-consultora-de-recursos-humanos-reclutamiento-y-selecci%C3%B3n-ti-atracci%C3%B3n-de-talento-3322841498?refId=8B4QU0ShMLgtTQZkRFuCrw%3D%3D&trackingId=nncYFEaJHFMJWZ6UCZqkWA%3D%3D&position=19&pageNum=0&trk=public_jobs_jserp-result_search-card,,"
          Jornada completa
        ","
            Sin experiencia
          "
1094,Paraguay,Paraguay,Sr. React Engineer,TrueNorth,https://py.linkedin.com/jobs/view/sr-react-engineer-at-truenorth-3287276428?refId=8B4QU0ShMLgtTQZkRFuCrw%3D%3D&trackingId=F908HyWoQBUfe5UUfK5XSQ%3D%3D&position=20&pageNum=0&trk=public_jobs_jserp-result_search-card,,,
1095,Paraguay,"Asuncion, Asunci贸n, Paraguay","Staff Software Engineer (Backend, Python, RDBMS)",EQUALS TRUE,https://py.linkedin.com/jobs/view/staff-software-engineer-backend-python-rdbms-at-%23equalstrue-3313087563?refId=8B4QU0ShMLgtTQZkRFuCrw%3D%3D&trackingId=sSEaFDYoyZLA9naDUgpE9Q%3D%3D&position=21&pageNum=0&trk=public_jobs_jserp-result_search-card,,,
1096,Paraguay,Paraguay,Scala Developer,Applaudo,https://py.linkedin.com/jobs/view/scala-developer-at-applaudo-3295368862?refId=8B4QU0ShMLgtTQZkRFuCrw%3D%3D&trackingId=hhb15jD1OqffCFYjb%2F%2FS%2Bw%3D%3D&position=22&pageNum=0&trk=public_jobs_jserp-result_search-card,,,
1097,Paraguay,Paraguay,Senior Blockchain Engineer,X9 Studios,https://py.linkedin.com/jobs/view/senior-blockchain-engineer-at-x9-studios-3323292858?refId=8B4QU0ShMLgtTQZkRFuCrw%3D%3D&trackingId=Ri3uqqathhwU4lmTw9LwQw%3D%3D&position=23&pageNum=0&trk=public_jobs_jserp-result_search-card,,,
1098,Paraguay,"Asuncion, Asunci贸n, Paraguay",Remote DevOps Engineer,Scopic Software,https://py.linkedin.com/jobs/view/remote-devops-engineer-at-scopic-software-3325697678?refId=8B4QU0ShMLgtTQZkRFuCrw%3D%3D&trackingId=ynSrhlnnqvVKG2DOyNDDzg%3D%3D&position=24&pageNum=0&trk=public_jobs_jserp-result_search-card,,"
          Jornada completa
        ","
            Sin experiencia
          "
1099,Paraguay,"Nueva Italia, Central, Paraguay",Junior Data Engineer,Assist Digital,https://py.linkedin.com/jobs/view/junior-data-engineer-at-assist-digital-3300277922?refId=8B4QU0ShMLgtTQZkRFuCrw%3D%3D&trackingId=vg7nqOvL8cojsu%2FmZHWs7w%3D%3D&position=25&pageNum=0&trk=public_jobs_jserp-result_search-card,,"
          Jornada completa
        ","
            Intermedio
          "
1100,Paraguay,Paraguay,Data Scientist,United Latino Students Association,https://py.linkedin.com/jobs/view/data-scientist-at-united-latino-students-association-3323308216?refId=6qZ4ftX1dJmmGqm2nH49ow%3D%3D&trackingId=5gqaAxyPARsOwir%2B07DPhg%3D%3D&position=1&pageNum=0&trk=public_jobs_jserp-result_search-card,,"
          Jornada completa
        ","
            Sin experiencia
          "
1101,Paraguay,"Asuncion, Asunci贸n, Paraguay",Remote Automation QA Engineer,Scopic Software,https://py.linkedin.com/jobs/view/remote-automation-qa-engineer-at-scopic-software-3325695763?refId=6qZ4ftX1dJmmGqm2nH49ow%3D%3D&trackingId=8Nv9qWkCrsJfkDBOgAjhoQ%3D%3D&position=2&pageNum=0&trk=public_jobs_jserp-result_search-card,,"
          Jornada completa
        ","
            Sin experiencia
          "
1102,Paraguay,"Nueva Italia, Central, Paraguay",Junior Data Engineer,Assist Digital,https://py.linkedin.com/jobs/view/junior-data-engineer-at-assist-digital-3300277922?refId=6qZ4ftX1dJmmGqm2nH49ow%3D%3D&trackingId=5tpTHxSlabGlmWwDQir1cg%3D%3D&position=3&pageNum=0&trk=public_jobs_jserp-result_search-card,,"
          Jornada completa
        ","
            Intermedio
          "
1103,Paraguay,"Asuncion, Asunci贸n, Paraguay",Senior Python Developer,Virtualmind,https://py.linkedin.com/jobs/view/senior-python-developer-at-virtualmind-3321018765?refId=6qZ4ftX1dJmmGqm2nH49ow%3D%3D&trackingId=709d51PP0m%2Fyl5P7e36QOg%3D%3D&position=4&pageNum=0&trk=public_jobs_jserp-result_search-card,,"
          Jornada completa
        ","
            Intermedio
          "
1104,Paraguay,Paraguay,Join Our Tech Talent Pool (LATAM Remote),Qeystroke,https://py.linkedin.com/jobs/view/join-our-tech-talent-pool-latam-remote-at-qeystroke-3302215805?refId=6qZ4ftX1dJmmGqm2nH49ow%3D%3D&trackingId=72hFGz46wjeQ855z0BwLmQ%3D%3D&position=5&pageNum=0&trk=public_jobs_jserp-result_search-card,"
          60 solicitudes
        ","
          Jornada completa
        ","
            Sin experiencia
          "
1105,Paraguay,"Asunci贸n, Paraguay",Software Engineer,EBSA Group,https://py.linkedin.com/jobs/view/software-engineer-at-ebsa-group-3315387992?refId=6qZ4ftX1dJmmGqm2nH49ow%3D%3D&trackingId=ebzTQItUU7yqOnO7ZAKTzw%3D%3D&position=6&pageNum=0&trk=public_jobs_jserp-result_search-card,,,"
          Jornada completa
        "
1106,Paraguay,"Asuncion, Asunci贸n, Paraguay",Remote Automation QA Engineer,Scopic Software,https://py.linkedin.com/jobs/view/remote-automation-qa-engineer-at-scopic-software-3325699274?refId=6qZ4ftX1dJmmGqm2nH49ow%3D%3D&trackingId=DJpiF3QufgEY%2FB6LOzVGbA%3D%3D&position=7&pageNum=0&trk=public_jobs_jserp-result_search-card,,,
1107,Paraguay,"Asuncion, Asunci贸n, Paraguay",Remote Automation QA Engineer,Scopic Software,https://py.linkedin.com/jobs/view/remote-automation-qa-engineer-at-scopic-software-3312766291?refId=6qZ4ftX1dJmmGqm2nH49ow%3D%3D&trackingId=20h11MxN2I4eM8My3leMLA%3D%3D&position=8&pageNum=0&trk=public_jobs_jserp-result_search-card,,"
          Jornada completa
        ","
            Sin experiencia
          "
1108,Paraguay,"Asuncion, Asunci贸n, Paraguay",Remote Automation QA Engineer,Scopic Software,https://py.linkedin.com/jobs/view/remote-automation-qa-engineer-at-scopic-software-3325700109?refId=6qZ4ftX1dJmmGqm2nH49ow%3D%3D&trackingId=8xF%2BQNxBAvCozHlfx62Afw%3D%3D&position=9&pageNum=0&trk=public_jobs_jserp-result_search-card,,,
1109,Paraguay,"Asuncion, Asunci贸n, Paraguay",Remote Automation QA Engineer,Scopic Software,https://py.linkedin.com/jobs/view/remote-automation-qa-engineer-at-scopic-software-3325702014?refId=6qZ4ftX1dJmmGqm2nH49ow%3D%3D&trackingId=Jer2%2BCIzOLDHmKpkecY9zg%3D%3D&position=10&pageNum=0&trk=public_jobs_jserp-result_search-card,,,
1110,Paraguay,"Asuncion, Asunci贸n, Paraguay",Remote Automation QA Engineer,Scopic Software,https://py.linkedin.com/jobs/view/remote-automation-qa-engineer-at-scopic-software-3306965225?refId=6qZ4ftX1dJmmGqm2nH49ow%3D%3D&trackingId=rC3GDK%2B%2B%2BI9bo%2BsB502Srg%3D%3D&position=11&pageNum=0&trk=public_jobs_jserp-result_search-card,,"
          Jornada completa
        ","
            Sin experiencia
          "
1111,Paraguay,Paraguay,Big Data Engineer (Scala-Spark),Applaudo,https://py.linkedin.com/jobs/view/big-data-engineer-scala-spark-at-applaudo-3241956394?refId=6qZ4ftX1dJmmGqm2nH49ow%3D%3D&trackingId=MpsO0fxz6SMAQI4s1kFj2g%3D%3D&position=12&pageNum=0&trk=public_jobs_jserp-result_search-card,,"
          Jornada completa
        ","
            Intermedio
          "
1112,Paraguay,"Asuncion, Asunci贸n, Paraguay",Webflow Developer  | US Travel Tech Startup  | Remote,Prometeo Talent - Recruitment services for high-growth tech companies.,https://py.linkedin.com/jobs/view/webflow-developer-%F0%9F%9A%90-%E2%9B%BA-us-travel-tech-startup-%F0%9F%9A%80-remote%F0%9F%93%8D-at-prometeo-consultora-de-recursos-humanos-reclutamiento-y-selecci%C3%B3n-ti-atracci%C3%B3n-de-talento-3322841498?refId=6qZ4ftX1dJmmGqm2nH49ow%3D%3D&trackingId=Q5ztsFRqF%2B6gAvCTHR%2Bz5Q%3D%3D&position=13&pageNum=0&trk=public_jobs_jserp-result_search-card,,"
          Jornada completa
        ","
            Sin experiencia
          "
1113,Paraguay,Paraguay,Scala Developer,Applaudo,https://py.linkedin.com/jobs/view/scala-developer-at-applaudo-3295368862?refId=6qZ4ftX1dJmmGqm2nH49ow%3D%3D&trackingId=1CWb9emzMkDnHkuTXKhuhg%3D%3D&position=14&pageNum=0&trk=public_jobs_jserp-result_search-card,,"
          Jornada completa
        ","
            Intermedio
          "
1114,Paraguay,"Asunci贸n, Paraguay",Desarrollador de back-end,Billetera Mango,https://py.linkedin.com/jobs/view/desarrollador-de-back-end-at-billetera-mango-3311416661?refId=6qZ4ftX1dJmmGqm2nH49ow%3D%3D&trackingId=sfFyv8NbD0t7Ew1g9cjA0w%3D%3D&position=15&pageNum=0&trk=public_jobs_jserp-result_search-card,,,
1115,Paraguay,Paraguay,React/C# Fullstack Developer (LATAM Remote),Qeystroke,https://py.linkedin.com/jobs/view/react-c%23-fullstack-developer-latam-remote-at-qeystroke-3326924611?refId=6qZ4ftX1dJmmGqm2nH49ow%3D%3D&trackingId=KMaok%2FxkkhBHWWUODYRYMg%3D%3D&position=16&pageNum=0&trk=public_jobs_jserp-result_search-card,,"
          Jornada completa
        ","
            Sin experiencia
          "
1116,Paraguay,Paraguay,Senior Blockchain Engineer,X9 Studios,https://py.linkedin.com/jobs/view/senior-blockchain-engineer-at-x9-studios-3323292858?refId=6qZ4ftX1dJmmGqm2nH49ow%3D%3D&trackingId=7nAk37IA1aXdJjmaxJi3QA%3D%3D&position=17&pageNum=0&trk=public_jobs_jserp-result_search-card,,"
          Jornada completa
        ","
            Intermedio
          "
1117,Paraguay,"Asuncion, Asunci贸n, Paraguay",Remote DevOps Engineer,Scopic Software,https://py.linkedin.com/jobs/view/remote-devops-engineer-at-scopic-software-3325698464?refId=6qZ4ftX1dJmmGqm2nH49ow%3D%3D&trackingId=ij3fWxv91X9VCMbDPiujjQ%3D%3D&position=18&pageNum=0&trk=public_jobs_jserp-result_search-card,,"
          Jornada completa
        ","
            Sin experiencia
          "
1118,Paraguay,"Asuncion, Asunci贸n, Paraguay",Remote DevOps Engineer,Scopic Software,https://py.linkedin.com/jobs/view/remote-devops-engineer-at-scopic-software-3322745597?refId=6qZ4ftX1dJmmGqm2nH49ow%3D%3D&trackingId=jmme%2FkholHFGi54u1xZbFA%3D%3D&position=19&pageNum=0&trk=public_jobs_jserp-result_search-card,,"
          Jornada completa
        ","
            Sin experiencia
          "
1119,Paraguay,"Nueva Italia, Central, Paraguay",Data Engineer,Setting S.p.A.,https://py.linkedin.com/jobs/view/data-engineer-at-setting-spa-3309515223?refId=6qZ4ftX1dJmmGqm2nH49ow%3D%3D&trackingId=PmPuKeaQaSjpOtrT9uDW7Q%3D%3D&position=20&pageNum=0&trk=public_jobs_jserp-result_search-card,,"
          Jornada completa
        ","
            Sin experiencia
          "
1120,Paraguay,"Asuncion, Asunci贸n, Paraguay",Remote Devops Engineer,Scopic Software,https://py.linkedin.com/jobs/view/remote-devops-engineer-at-scopic-software-3325696684?refId=6qZ4ftX1dJmmGqm2nH49ow%3D%3D&trackingId=JwsL3RkbJtYIscLfdfbTUA%3D%3D&position=21&pageNum=0&trk=public_jobs_jserp-result_search-card,,"
          Jornada completa
        ","
            Sin experiencia
          "
1121,Paraguay,"Asuncion, Asunci贸n, Paraguay",Remote Perl Developer,Scopic Software,https://py.linkedin.com/jobs/view/remote-perl-developer-at-scopic-software-3312762931?refId=6qZ4ftX1dJmmGqm2nH49ow%3D%3D&trackingId=ZkTKgFhGfzyOX07tKtThZA%3D%3D&position=22&pageNum=0&trk=public_jobs_jserp-result_search-card,,"
          Jornada completa
        ","
            Sin experiencia
          "
1122,Paraguay,"Asuncion, Asunci贸n, Paraguay",Remote DevOps Engineer,Scopic Software,https://py.linkedin.com/jobs/view/remote-devops-engineer-at-scopic-software-3325697678?refId=6qZ4ftX1dJmmGqm2nH49ow%3D%3D&trackingId=tDq%2ByffUp0Sla1NBKGqzcg%3D%3D&position=23&pageNum=0&trk=public_jobs_jserp-result_search-card,,"
          Jornada completa
        ","
            Sin experiencia
          "
1123,Paraguay,"Asuncion, Asunci贸n, Paraguay",Remote DevOps Engineer,Scopic Software,https://py.linkedin.com/jobs/view/remote-devops-engineer-at-scopic-software-3302045497?refId=6qZ4ftX1dJmmGqm2nH49ow%3D%3D&trackingId=%2FZzUSD3ntX0SmJg%2Fs9myqQ%3D%3D&position=24&pageNum=0&trk=public_jobs_jserp-result_search-card,,,
1124,Paraguay,Paraguay,Build Engineer,TLM Partners,https://py.linkedin.com/jobs/view/build-engineer-at-tlm-partners-3285619958?refId=6qZ4ftX1dJmmGqm2nH49ow%3D%3D&trackingId=7K1q%2FrUVs1Q7%2BASjZmnkhQ%3D%3D&position=25&pageNum=0&trk=public_jobs_jserp-result_search-card,,,
1073,Paraguay,Paraguay,React/C# Fullstack Developer (LATAM Remote),Qeystroke,https://py.linkedin.com/jobs/view/react-c%23-fullstack-developer-latam-remote-at-qeystroke-3326924611?refId=2XS%2Fxei8LCsuk1VVTQ7YqA%3D%3D&trackingId=e9nWzgTQTFhQm1tTsGGSDQ%3D%3D&position=22&pageNum=0&trk=public_jobs_jserp-result_search-card,,,
1089,Paraguay,"Asunci贸n, Paraguay",Desarrollador Java,Experis Paraguay,https://py.linkedin.com/jobs/view/desarrollador-java-at-experis-paraguay-3308887477?refId=8B4QU0ShMLgtTQZkRFuCrw%3D%3D&trackingId=UgYCQec%2F7JfZwj9gFhIebA%3D%3D&position=14&pageNum=0&trk=public_jobs_jserp-result_search-card,,,
